{
  "logsnr_max": 7.06939813238936,
  "logsnr_min": -5.36404843867982
}