{
  "meta": {
    "guidance_scale": 7.5,
    "height": 512,
    "model_id": "runwayml/stable-diffusion-v1-5",
    "per_call_elems": 4096,
    "percentile": 99.9,
    "reservoir_size": 200000,
    "solver": "kdpm2",
    "steps": 20,
    "width": 512
  },
  "priors": {
    "hi_attn1": {
      "clip_p": 2.037109375,
      "n_samples_final": 200000,
      "n_seen_total": 1437696,
      "per_call_elems": 4096,
      "percentile": 99.9,
      "reservoir_size": 200000,
      "scale_step": 0.016040231299212598
    },
    "hi_attn2": {
      "clip_p": 2.623046875,
      "n_samples_final": 200000,
      "n_seen_total": 1437696,
      "per_call_elems": 4096,
      "percentile": 99.9,
      "reservoir_size": 200000,
      "scale_step": 0.020653912401574805
    },
    "hi_ff_down": {
      "clip_p": 1.16796875,
      "n_samples_final": 200000,
      "n_seen_total": 1437696,
      "per_call_elems": 4096,
      "percentile": 99.9,
      "reservoir_size": 200000,
      "scale_step": 0.00919660433070866
    },
    "hi_ff_up": {
      "clip_p": 2.177734375,
      "n_samples_final": 200000,
      "n_seen_total": 1437696,
      "per_call_elems": 4096,
      "percentile": 99.9,
      "reservoir_size": 200000,
      "scale_step": 0.01714751476377953
    },
    "mid_attn1": {
      "clip_p": 0.9111328125,
      "n_samples_final": 200000,
      "n_seen_total": 1437696,
      "per_call_elems": 4096,
      "percentile": 99.9,
      "reservoir_size": 200000,
      "scale_step": 0.007174274114173229
    },
    "mid_attn2": {
      "clip_p": 1.4287109375,
      "n_samples_final": 200000,
      "n_seen_total": 1437696,
      "per_call_elems": 4096,
      "percentile": 99.9,
      "reservoir_size": 200000,
      "scale_step": 0.011249692421259843
    },
    "mid_ff_down": {
      "clip_p": 3.978515625,
      "n_samples_final": 200000,
      "n_seen_total": 1437696,
      "per_call_elems": 4096,
      "percentile": 99.9,
      "reservoir_size": 200000,
      "scale_step": 0.03132689468503937
    },
    "mid_ff_up": {
      "clip_p": 1.6611328125,
      "n_samples_final": 200000,
      "n_seen_total": 1437696,
      "per_call_elems": 4096,
      "percentile": 99.9,
      "reservoir_size": 200000,
      "scale_step": 0.01307978592519685
    }
  }
}