{
  "lam_max": 6.373084574092875,
  "lam_min": -4.800935790319429
}