{
  "lam_max": 7.06939813238936,
  "lam_min": -5.36404843867982
}